date,solver,objective,opt_gap_%,revenue,shipping,penalty,fill_rate,diverts,feasible_sample_%,runtime_s,precision,recall,f1
2024-06-20,Baseline 1: Default DC,33704596.16799734,11.797806411638708,34404398.40564278,413823.0,285979.2376454368,0.7373978489015162,0,100.0,0.0355140489999996,0.8103448275862069,0.7943661971830986,0.802275960170697
2024-06-20,Baseline 2: Greedy Sequential (>=5% or 100 cases),35038431.36942027,8.307267908685729,35892856.71673082,596177.0,258248.3473105541,0.7662202981347022,87,100.0,0.1181133160000058,0.8140845070422535,0.8140845070422535,0.8140845070422535
2024-06-20,"MILP (7-constraint PoC, CBC)",38212877.47705724,0.0,38869846.3424142,507529.0,149439.86535696062,0.8290895339900254,56,100.0,195.560893481,1.0,1.0,1.0
2024-06-21,Baseline 1: Default DC,34507185.925336234,11.55515621002202,35217700.49927914,424400.0,286114.5739429072,0.740483837797295,0,100.0,0.0363627319999864,0.8135593220338984,0.7977839335180056,0.8055944055944056
2024-06-21,Baseline 2: Greedy Sequential (>=5% or 100 cases),35841007.465510726,8.136458492401884,36706158.81036718,606754.0,258397.3448564596,0.7688947158307324,87,100.0,0.1364649749999671,0.817174515235457,0.817174515235457,0.817174515235457
2024-06-21,"MILP (7-constraint PoC, CBC)",39015486.31515179,0.0,39683148.43605056,518106.0,149556.12089877707,0.830866208173042,56,100.0,199.10505336499995,1.0,1.0,1.0
2024-06-22,Baseline 1: Default DC,32010483.708871342,12.018959829194293,32679839.74175299,401318.0,268038.0328816453,0.7479916670062833,0,100.0,0.0600179059999845,0.8065476190476191,0.7900874635568513,0.7982326951399117
2024-06-22,Baseline 2: Greedy Sequential (>=5% or 100 cases),33217490.584621165,8.701492920927826,34041520.729180306,580781.0,243249.1445591408,0.7771667341904458,86,100.0,0.2115325159999201,0.8104956268221575,0.8104956268221575,0.8104956268221575
2024-06-22,"MILP (7-constraint PoC, CBC)",36383388.56499814,0.0,37011072.69930814,492728.0,134956.1343100013,0.8426632017778332,55,100.0,169.91429273899996,1.0,1.0,1.0
2024-06-23,Baseline 1: Default DC,23639797.762284707,15.448490916288446,24172102.419707324,285149.0,247155.6574226176,0.7079490048757093,0,100.0,0.0266592009999158,0.7704280155642024,0.7471698113207547,0.7586206896551724
2024-06-23,Baseline 2: Greedy Sequential (>=5% or 100 cases),24769443.889798485,11.408131274792524,25443546.204912424,449960.0,224142.3151139409,0.7421219326992247,76,100.0,0.0907890749999751,0.7878787878787878,0.7849056603773585,0.7863894139886579
2024-06-23,"MILP (7-constraint PoC, CBC)",27959048.890398577,0.0,28444786.45938368,370540.0,115197.56898510447,0.8252507793142035,50,100.0,117.077761948,1.0,1.0,1.0
2024-06-24,Baseline 1: Default DC,14005671.517988637,3.3733046330588192,14220073.124481296,179390.0,35011.60649265934,0.8762721068697202,0,100.0,0.013849438999955055,0.7926829268292683,0.7878787878787878,0.790273556231003
2024-06-24,Baseline 2: Greedy Sequential (>=5% or 100 cases),14321404.55227017,1.195027091591603,14616462.530773025,268524.0,26533.978502854658,0.8982138060967026,44,100.0,0.043920725000020866,0.8363636363636363,0.8363636363636363,0.8363636363636363
2024-06-24,"MILP (7-constraint PoC, CBC)",14494619.178273572,0.0,14745680.316146301,225083.0,25978.1378727289,0.9156091507393953,31,100.0,39.47158333200014,1.0,1.0,1.0
