date,two_qubit_error,unique_bitstrings,in_onehot_subspace_%,feasible_%
2024-06-17,0.0,31,100.0,36.91
2024-06-17,0.001,57,94.92,32.23
2024-06-17,0.005,123,77.34,28.12
2024-06-17,0.02,265,33.79,11.91
2024-06-19,0.0,31,100.0,36.91
2024-06-19,0.001,57,94.92,32.23
2024-06-19,0.005,123,77.34,28.12
2024-06-19,0.02,265,33.79,11.91
2024-06-21,0.0,31,100.0,36.91
2024-06-21,0.001,57,94.92,32.23
2024-06-21,0.005,123,77.34,28.12
2024-06-21,0.02,265,33.79,11.91
2024-06-23,0.0,31,100.0,36.91
2024-06-23,0.001,57,94.92,32.23
2024-06-23,0.005,123,77.34,28.12
2024-06-23,0.02,265,33.79,11.91
2024-06-25,0.0,27,100.0,100.0
2024-06-25,0.001,41,96.48,96.48
2024-06-25,0.005,93,80.08,80.08
2024-06-25,0.02,187,41.21,41.21
