date,order,optimum,QAOA,QAOA v2,MILP,Baseline 2,all_agree
2024-06-17,881894,5641,5641,,5641,5641,True
2024-06-17,889814,5420,5420,,5420,5420,True
2024-06-17,884906,5420,5420,,5420,5420,True
2024-06-17,495964,5490,5490,,5490,5490,True
2024-06-17,597603,UNASSIGNED,UNASSIGNED,,UNASSIGNED,UNASSIGNED,True
2024-06-19,881894,5641,5641,,5641,5641,True
2024-06-19,889814,5420,5420,,5420,5420,True
2024-06-19,884906,5420,5420,,5420,5420,True
2024-06-19,495964,5490,5490,,5490,5490,True
2024-06-19,597603,UNASSIGNED,UNASSIGNED,,UNASSIGNED,UNASSIGNED,True
2024-06-21,881894,5641,5641,,5641,5641,True
2024-06-21,889814,5420,5420,,5420,5420,True
2024-06-21,884906,5420,5420,,5420,5420,True
2024-06-21,495964,5490,5490,,5490,5490,True
2024-06-21,597603,UNASSIGNED,UNASSIGNED,,UNASSIGNED,UNASSIGNED,True
2024-06-23,881894,5641,5641,,5641,5641,True
2024-06-23,889814,5420,5420,,5420,5420,True
2024-06-23,884906,5420,5420,,5420,5420,True
2024-06-23,495964,5490,5490,,5490,5490,True
2024-06-23,597603,UNASSIGNED,UNASSIGNED,,UNASSIGNED,UNASSIGNED,True
2024-06-25,428284,5490,5490,,5490,5490,True
2024-06-25,613909,5420,5420,,5420,5420,True
2024-06-25,589734,5420,5420,,5420,5420,True
2024-06-25,592144,5490,5490,,5490,5490,True
2024-06-25,511353,5420,5420,,5420,5420,True
