date,seed,solver,objective,opt_gap_%,precision,recall,f1,runtime_s,p_opt,p_optimum
2024-06-17,1,QAOA,975949.119179844,0.0,1.0,1.0,1.0,7.213245164999989,,0.00927734375
2024-06-17,1,MILP,975949.119179844,0.0,1.0,1.0,1.0,0.5642508250000446,,
2024-06-17,7,QAOA,975949.119179844,0.0,1.0,1.0,1.0,3.277410664000058,,0.0341796875
2024-06-17,7,MILP,975949.119179844,0.0,1.0,1.0,1.0,0.5642508250000446,,
2024-06-17,13,QAOA,975949.119179844,0.0,1.0,1.0,1.0,4.872505520000004,,0.0244140625
2024-06-17,13,MILP,975949.119179844,0.0,1.0,1.0,1.0,0.5642508250000446,,
2024-06-17,42,QAOA,975949.119179844,0.0,1.0,1.0,1.0,6.702192755000056,,0.033203125
2024-06-17,42,MILP,975949.119179844,0.0,1.0,1.0,1.0,0.5642508250000446,,
2024-06-17,101,QAOA,975949.119179844,0.0,1.0,1.0,1.0,2.56759818799992,,0.06396484375
2024-06-17,101,MILP,975949.119179844,0.0,1.0,1.0,1.0,0.5642508250000446,,
2024-06-19,1,QAOA,976087.860134896,0.0,1.0,1.0,1.0,4.187609155000018,,0.02197265625
2024-06-19,1,MILP,976087.860134896,0.0,1.0,1.0,1.0,0.5620423689999825,,
2024-06-19,7,QAOA,976087.860134896,0.0,1.0,1.0,1.0,6.0856475229999205,,0.0283203125
2024-06-19,7,MILP,976087.860134896,0.0,1.0,1.0,1.0,0.5620423689999825,,
2024-06-19,13,QAOA,976087.860134896,0.0,1.0,1.0,1.0,4.211946816000022,,0.02294921875
2024-06-19,13,MILP,976087.860134896,0.0,1.0,1.0,1.0,0.5620423689999825,,
2024-06-19,42,QAOA,976087.860134896,0.0,1.0,1.0,1.0,7.570642582000005,,0.08154296875
2024-06-19,42,MILP,976087.860134896,0.0,1.0,1.0,1.0,0.5620423689999825,,
2024-06-19,101,QAOA,976087.860134896,0.0,1.0,1.0,1.0,2.918536734999975,,0.0615234375
2024-06-19,101,MILP,976087.860134896,0.0,1.0,1.0,1.0,0.5620423689999825,,
2024-06-21,1,QAOA,976196.1311272208,0.0,1.0,1.0,1.0,4.463242713999989,,0.00830078125
2024-06-21,1,MILP,976196.1311272208,0.0,1.0,1.0,1.0,0.8969579010000643,,
2024-06-21,7,QAOA,976196.1311272208,0.0,1.0,1.0,1.0,5.360144622000007,,0.0263671875
2024-06-21,7,MILP,976196.1311272208,0.0,1.0,1.0,1.0,0.8969579010000643,,
2024-06-21,13,QAOA,976196.1311272208,0.0,1.0,1.0,1.0,3.5270546390000845,,0.0029296875
2024-06-21,13,MILP,976196.1311272208,0.0,1.0,1.0,1.0,0.8969579010000643,,
2024-06-21,42,QAOA,976196.1311272208,0.0,1.0,1.0,1.0,3.3716543619999584,,0.0537109375
2024-06-21,42,MILP,976196.1311272208,0.0,1.0,1.0,1.0,0.8969579010000643,,
2024-06-21,101,QAOA,976196.1311272208,0.0,1.0,1.0,1.0,3.3380188090000047,,0.0625
2024-06-21,101,MILP,976196.1311272208,0.0,1.0,1.0,1.0,0.8969579010000643,,
2024-06-23,1,QAOA,976140.796731307,0.0,1.0,1.0,1.0,6.0922608299999865,,0.01220703125
2024-06-23,1,MILP,976140.796731307,0.0,1.0,1.0,1.0,0.5645578439998644,,
2024-06-23,7,QAOA,976140.796731307,0.0,1.0,1.0,1.0,4.015158373000077,,0.0107421875
2024-06-23,7,MILP,976140.796731307,0.0,1.0,1.0,1.0,0.5645578439998644,,
2024-06-23,13,QAOA,976140.796731307,0.0,1.0,1.0,1.0,3.2310175329998856,,0.0009765625
2024-06-23,13,MILP,976140.796731307,0.0,1.0,1.0,1.0,0.5645578439998644,,
2024-06-23,42,QAOA,976140.796731307,0.0,1.0,1.0,1.0,4.191454688000022,,0.02099609375
2024-06-23,42,MILP,976140.796731307,0.0,1.0,1.0,1.0,0.5645578439998644,,
2024-06-23,101,QAOA,976140.796731307,0.0,1.0,1.0,1.0,4.988920859000018,,0.06494140625
2024-06-23,101,MILP,976140.796731307,0.0,1.0,1.0,1.0,0.5645578439998644,,
2024-06-25,1,QAOA,332994.05,0.0,1.0,1.0,1.0,1.9557759649999298,,0.25146484375
2024-06-25,1,MILP,332994.05,0.0,1.0,1.0,1.0,0.492413974000101,,
2024-06-25,7,QAOA,332994.05,0.0,1.0,1.0,1.0,2.4620529599999372,,0.0458984375
2024-06-25,7,MILP,332994.05,0.0,1.0,1.0,1.0,0.492413974000101,,
2024-06-25,13,QAOA,332994.05,0.0,1.0,1.0,1.0,2.3138243009998405,,0.052734375
2024-06-25,13,MILP,332994.05,0.0,1.0,1.0,1.0,0.492413974000101,,
2024-06-25,42,QAOA,332994.05,0.0,1.0,1.0,1.0,2.66862990300001,,0.31689453125
2024-06-25,42,MILP,332994.05,0.0,1.0,1.0,1.0,0.492413974000101,,
2024-06-25,101,QAOA,332994.05,0.0,1.0,1.0,1.0,4.039422740999953,,0.1572265625
2024-06-25,101,MILP,332994.05,0.0,1.0,1.0,1.0,0.492413974000101,,
