date,solver,obj_mean,obj_std,P_mean,P_std,R_mean,R_std,F1_mean,F1_std
2024-06-17,MILP,975949.119,0.0,1.0,0.0,1.0,0.0,1.0,0.0
2024-06-17,QAOA,975949.119,0.0,1.0,0.0,1.0,0.0,1.0,0.0
2024-06-19,MILP,976087.86,0.0,1.0,0.0,1.0,0.0,1.0,0.0
2024-06-19,QAOA,976087.86,0.0,1.0,0.0,1.0,0.0,1.0,0.0
2024-06-21,MILP,976196.131,0.0,1.0,0.0,1.0,0.0,1.0,0.0
2024-06-21,QAOA,976196.131,0.0,1.0,0.0,1.0,0.0,1.0,0.0
2024-06-23,MILP,976140.797,0.0,1.0,0.0,1.0,0.0,1.0,0.0
2024-06-23,QAOA,976140.797,0.0,1.0,0.0,1.0,0.0,1.0,0.0
2024-06-25,MILP,332994.05,0.0,1.0,0.0,1.0,0.0,1.0,0.0
2024-06-25,QAOA,332994.05,0.0,1.0,0.0,1.0,0.0,1.0,0.0
